id,name,type,priority,radius,R_Time,R_Cost,lon,lat
1,Pos PGA PDRM Tanjung Layang,firstreposnder,5,large,1,1,101.4878149,2.6898823
2,Balai Polis Banting,firstreposnder,1,small,1,1,101.4939241,2.8051208
3,Aes Camera Dengkil,firstreposnder,1,small,1,3,101.6383081,2.8684083
4,Jenjarom Police Station,firstreposnder,1,small,1,1,101.4986113,2.8760219
5,Hospital Banting,firstreposnder,5,large,2,2,101.492443,2.8033724
6,Klinik Kesihatan Bukit Changgang,firstreposnder,1,small,2,1,101.62,2.82731
7,Banting Fire and Rescue Station,firstreposnder,5,large,1,1,101.5058569,2.8145504
8,Pmu Olak Lempit,substation,1,medium,1,5,101.5790202,2.8460588
9,PMU BANTING,substation,1,medium,1,5,101.5357937,2.8346014
10,Genting Sanyen Power Sdn Bhd,substation,5,large,3,5,101.495796,2.803589
11,PPU MORIB,substation,1,small,1,1,101.4456159,2.7495956
12,Petron Banting,risk,1,small,3,4,101.50329,2.81336
13,Eng Hong Palm Oil Mill Sdn Bhd,risk,1,small,3,5,101.4766976,2.8598597
14,Soon Lee Huat Palm Oil Mill Sdn. Bhd.,risk,1,small,3,5,101.488188,2.793948
15,Yuwang Palm Oil Mill Sdn. Bhd.,risk,1,small,3,4,101.535649,2.824528
16,Pusat Komuniti Taman Seri Bayu Morib,assembly,1,small,1,1,101.4452348,2.750329
17,Pusat Pemulihan Dalam Komuniti (PDK) Telok Datok,assembly,1,small,1,1,101.5226641,2.8172589
18,"Balai Raya Simpang Sg. Raba, Kampung Seri Jugra",assembly,1,medium,1,1,101.4488664,2.8179561
19,Pusat Jalur Lebar Komuniti,assembly,1,small,3,3,101.4963935,2.7760371
20,Pusat Komuniti Taman Kemuning,assembly,1,small,1,1,101.499606,2.803854
21,Balai Raya Teluk Bunut,assembly,1,medium,1,1,101.5103909,2.822184
22,"Balai Raya Lama Kampung Olak Lempit, Jalan Banting",assembly,1,medium,1,1,101.594428,2.835534